Item,Meaning,SeeAlso,Links,ItemCreated,ItemModified,ItemGUID,MeaningWithLinks
18650,"A lithium-ion battery, used to power some OpenAPS rigs.",,https://en.wikipedia.org/wiki/List_of_battery_sizes#Lithium-ion_batteries_(rechargeable),2018-10-02 19:41:34.113,2018-10-02 19:41:34.113,E4ABFFAF-9515-4729-ABCF-A950ED228A8F,"A lithium-ion battery, used to power some [[OpenAPS]] rigs.  "
640G,An insulin pump made by Medtronic which in turn can minimise hypos when used with the appropriate CGM,Enlite,https://www.medtronic-diabetes.co.uk/minimed-system/minimed-640g-system,2018-10-02 19:41:34.817,2018-10-02 19:41:34.817,F2A68D65-2D9C-4CF8-B4D9-D1C05F7EE4FE,"An insulin pump made by [[Medtronic]] which in turn can minimise hypos when used with the appropriate [[CGM]] "
670G,An insulin pump made by Medtronic which can minimise hypos and hypers when used with the appropriate CGM. Using the correct modes and CGM it becomes a closed-loop insulin pump,Enlite,https://www.medtronic-diabetes.co.uk/minimed-system/minimed-670g-system,2018-10-02 19:41:35.317,2018-10-02 19:41:35.317,54FB426F-5E32-482D-A65D-0041354A8EA3,"An insulin pump made by [[Medtronic]] which can minimise hypos and hypers when used with the appropriate [[CGM]]. Using the correct modes and [[CGM]] it becomes a [[closed-loop]] insulin pump "
AAPS,The acronym for AndroidAPS,,,2018-10-02 19:41:35.723,2018-10-02 19:41:35.723,9D5F524F-595E-48A4-A67E-3485673DB5E9,"The acronym for [[AndroidAPS]] "
Abbott,The Abbott most recently famous for making the Freestyle Libre glucose sensor,,https://www.freestylelibre.co.uk/libre/,2018-10-02 19:41:36.143,2018-10-02 19:41:36.143,0924D258-03F3-4845-B063-4CC6A5ACAA3D,"The Abbott most recently famous for making the [[Freestyle Libre]] glucose sensor "
Accu-Chek,The collection name for Roche insulin pumps such as the Combo and the Insight,,https://www.accu-chek.co.uk/insulin-pumps,2018-10-02 19:41:36.520,2018-10-02 19:41:36.520,412051F7-2290-4AE4-BFF1-C7C99333CA73,"The collection name for [[Roche]] insulin pumps such as the [[Combo]] and the [[Insight]] "
Advanced meal assist,see AMA,,,2018-10-02 19:41:37.037,2018-10-02 19:41:37.037,DCDFBEEE-B7F9-448D-A99B-117FE8739EC1,"see [[AMA]] "
AMA,Advanced Meal Assist - used within OpenAPS and AndroidAPS,,https://openaps.readthedocs.io/en/2017-05-21/docs/walkthrough/phase-4/advanced-features.html#advanced-meal-assist-or-ama,2018-10-02 19:41:37.490,2018-10-02 19:41:37.490,67B6971B-735B-4AEA-9DA0-45232175AB90,"Advanced [[Meal Assist]] - used within [[OpenAPS]] and [[AndroidAPS]] "
Ambrosia,Ambrosia Systems is the company which produces the Blucon range of products which read data from Libre sensors,,https://www.ambrosiasys.com/,2018-10-02 19:41:37.973,2018-10-02 19:41:37.973,F4F5E8DF-6294-451D-AE13-25E7C98CE9CF,"Ambrosia Systems is the company which produces the [[Blucon]] range of products which read data from [[Libre]] sensors "
AndroidAPS,"DIY closed loop software based on OpenAPS. Runs on an Android phone to read CGM data from various sources and control an insulin pump using TBRs. ",,https://androidaps.readthedocs.io/en/latest/,2018-10-02 19:41:38.380,2018-10-02 19:41:38.380,997B14E4-D36B-4099-988E-35AC5DE2174D,"DIY closed loop software based on [[OpenAPS]]. Runs on an Android phone to read [[CGM]] data from various sources and control an insulin pump using [[TBRs]].  "
AP,"Artificial Pancreas. The commonly used words to describe a system comprising of a CGM, a program and an insulin pump which regulates a person's glucose levels. There are 6 defined levels of an artificial pancreas, see the link for more details.",,"https://www.jdrf.ca/our-research/treat/artificial-pancreas-project/, https://www.bmj.com/company/newsroom/artificial-pancreas-is-a-safe-and-effective-treatment-for-type-1-diabetes/",2018-10-02 19:41:38.753,2018-10-02 19:41:38.753,10BC7987-B022-404A-8981-FFA7D0ECAD9D,"Artificial Pancreas. The commonly used words to describe a system comprising of a [[CGM]], a program and an insulin pump which regulates a person's glucose levels. There are 6 defined levels of an artificial pancreas, see the link for more details.  "
API secret,"A special password which is defined for a Nightscout site. Any apps which need to store data in Nightscout, e.g. xDrip+, Spike, need both the site's URL and API secret to be able send data",,http://www.nightscout.info/wiki/welcome/set-up-nightscout-using-heroku,2018-10-02 19:41:39.490,2018-10-02 19:41:39.490,AC13F215-DD4F-400A-9202-9326B13C1E59,"A special password which is defined for a [[Nightscout]] site. Any apps which need to store data in [[Nightscout]], e. g. [[xDrip+]], [[Spike]], need both the site's URL and API secret to be able send data "
APK,"An Android PacKage file, containing a program to be installed on an Android phone. Used extensively with the DIY community programs such as xDrip, NSClient",,https://en.wikipedia.org/wiki/Android_application_package,2018-10-02 19:41:39.863,2018-10-02 19:41:39.863,701F1CCE-2E7E-432A-8514-F7AA5123A9EF,"An Android PacKage file, containing a program to be installed on an Android phone. Used extensively with the DIY community programs such as [[xDrip]], [[NSClient]] "
APS,Artificial Pancreas System. See AP,,,2018-10-02 19:41:40.240,2018-10-02 19:41:40.240,78E38E3C-0240-4DC6-8969-CC40BEE18907,"Artificial Pancreas System. See [[AP]] "
Autosens,OpenAPS functionality which adjusts settings automatically when you are more sensitive or resistant to insulin,,https://openaps.readthedocs.io/en/latest/docs/Customize-Iterate/autosens.html?highlight=autosens,2018-10-02 19:41:40.613,2018-10-02 19:41:40.613,378CA487-8709-4A05-A444-B77566B7A8CF,"OpenAPS functionality which adjusts settings automatically when you are more sensitive or resistant to insulin "
Autotune,"A process which takes CGM data, TBR information, carb and insulin information and suggests what basal rates should be. Part of OpenAPS which often refreshes overnight, but also available in other ways.",,https://openaps.readthedocs.io/en/latest/docs/Customize-Iterate/understanding-autotune.html,2018-10-02 19:41:41.113,2018-10-02 19:41:41.113,9ED57536-6E62-43BE-9057-88645AD03A2B,"A process which takes [[CGM]] data, [[TBR]] information, carb and insulin information and suggests what basal rates should be. Part of [[OpenAPS]] which often refreshes overnight, but also available in other ways.  "
Azure,Microsoft's cloud hosting. Used to host Nightscout websites initially although many people have switched to Heroku.,,,2018-10-02 19:41:41.490,2018-10-02 19:41:41.490,582401A5-559D-4D1A-BDCC-D7693E958C59,"Microsoft's cloud hosting. Used to host [[Nightscout]] websites initially although many people have switched to [[Heroku]].  "
Basal rate,"A rate, normally in units per hour, of insulin which an insulin pump will deliver.",,,2018-10-02 19:41:41.880,2018-10-02 19:41:41.880,BBE6A847-CD92-40D9-81F1-9DEA3D406C48,"A rate, normally in units per hour, of insulin which an insulin pump will deliver.  "
Basal-IQ,The functionality used by the Tandem t:slim X2 insulin pump to prevent low glucose,Control-IQ,https://www.tandemdiabetes.com/products/t-slim-x2-insulin-pump,2018-10-02 19:41:42.240,2018-10-02 19:41:42.240,27B29268-99DE-42F7-A643-9646CC196317,"The functionality used by the [[Tandem]] [[t:slim X2]] insulin pump to prevent low glucose "
BG,Blood Glucose level,,,2018-10-02 19:41:42.643,2018-10-02 19:41:42.643,DD6BF355-3B54-4056-A30B-D049B2D02B1F,"Blood Glucose level "
BGI,Blood Glucose Impact - current insulin activity (first derivative of IOB) multiplied by insulin sensitivity,,https://openaps.org/reference-design/,2018-10-02 19:41:43.160,2018-10-02 19:41:43.160,198B177E-E455-42D4-908C-262D307FDC39,"Blood Glucose Impact - current insulin activity (first derivative of IOB) multiplied by insulin sensitivity "
BLE,Bluetooth Low Energy. The protocol used by many of the #WeAreNotWaiting community devices to communicate,,,2018-10-02 19:41:43.537,2018-10-02 19:41:43.537,FE1E1137-E853-49BA-B548-AA108D195D3A,"Bluetooth Low Energy. The protocol used by many of the #WeAreNotWaiting community devices to communicate "
Blucon,A group of devices from Ambrosia Systems which attach to the Freestyle Libre sensor to allow bluetooth connectivity with other devices/apps,,https://www.ambrosiasys.com/,2018-10-02 19:41:43.940,2018-10-02 19:41:43.940,85410086-4F6A-43C0-ABA8-51E02312F67D,"A group of devices from [[Ambrosia]] Systems which attach to the [[Freestyle Libre]] sensor to allow bluetooth connectivity with other devices/apps "
Bluetooth tethering,Is a process of allowing one device to connect to another via Bluetooth. In looping terms it is commonly used in OpenAPS so that a rig can use a phone's internet connection,,https://openaps.readthedocs.io/en/latest/docs/Customize-Iterate/bluetooth-tethering-edison.html?highlight=bluetooth%20tethering,2018-10-02 19:41:44.490,2018-10-02 19:41:44.490,B9543BBC-2221-42CD-8100-9B773E475D84,"Is a process of allowing one device to connect to another via Bluetooth. In [[looping]] terms it is commonly used in [[OpenAPS]] so that a [[rig]] can use a phone's internet connection "
Branch,"Usually refers to either ""master"" or ""dev"" branch of software source code in Github.  The ""master"" branch contains the latest stable version which has been approved for release whereas the ""dev"" branch will contain work in progress features that are being worked on for future versions",,,2018-10-02 19:41:45.067,2018-10-02 19:41:45.067,99FFA418-93B3-43EF-9CF1-134F51072CDE,"Usually refers to either ""master"" or ""dev"" branch of software source code in Github.  The ""master"" branch contains the latest stable version which has been approved for release whereas the ""dev"" branch will contain work in progress features that are being worked on for future versions "
BWP,Bolus Wizard Preview. An area of Nightscout which suggests how much insulin is required to help a person achieve their target glucose level. Calculations are made using parameters the Nightscout site owner programmes and are easier to use than trying to figure out the correct TBR or bolus at 2am in the night.,,http://www.nightscout.info/wiki/welcome/website-features/funnel-cake-0-8-features/bwp-bolus-wizard-preview,2018-10-02 19:41:45.490,2018-10-02 19:41:45.490,24188138-6F7C-4C16-99C6-67FB6F1314CF,"Bolus Wizard Preview. An area of [[Nightscout]] which suggests how much insulin is required to help a person achieve their target glucose level. Calculations are made using parameters the [[Nightscout]] site owner programmes and are easier to use than trying to figure out the correct [[TBR]] or bolus at 2am in the night.  "
CAGE,Cannula Age - How many days a cannula has been inserted. Shown on a Nightscout site,,http://www.nightscout.info/wiki/welcome/website-features/funnel-cake-0-8-features/cage-cannula-age,2018-10-02 19:41:45.910,2018-10-02 19:41:45.910,E864837F-5B39-4732-BAC5-60BAA95B1BC7,"Cannula Age - How many days a cannula has been inserted. Shown on a [[Nightscout]] site "
carb ratio,see CR,,,2018-10-02 19:41:46.300,2018-10-02 19:41:46.300,3F387331-A266-4F73-8049-B985D53BC131,"see [[CR]] "
Care Portal,"Place within Nightscout to detail activities (such as set changes, sensor starts, temporary basals). Also included with AndroidAPS and NSClient.",,http://www.nightscout.info/wiki/faqs-2/wifi-at-school/nightscout-care-portal,2018-10-02 19:41:47.630,2018-10-02 19:41:47.630,5E496DB6-4977-4A44-A606-F41837BED678,"Place within [[Nightscout]] to detail activities (such as set changes, sensor starts, temporary basals). Also included with [[AndroidAPS]] and [[NSClient]].  "
Careportal,See Care Portal,,,2018-10-02 19:41:46.753,2018-10-02 19:41:46.753,CC21E524-1776-41C6-BB1A-B325C0F91805,"See [[Care Portal]] "
CBG,"Capillary Blood Glucose - the clinical name for Blood Glucose Monitoring, where a person checks the current level of their blood glucose using a test strip",,https://en.wikipedia.org/wiki/Blood_glucose_monitoring,2018-10-02 19:41:48.020,2018-10-02 19:41:48.020,5E506312-314D-4F24-B446-25C63559CF17,"Capillary Blood Glucose - the clinical name for Blood Glucose Monitoring, where a person checks the current level of their blood glucose using a test strip "
CGM,"Continuous Glucose Monitor. A device which continuously checks a person's glucose values and sends a reading ever few minutes, often 5 minutes, to a device. Many now use phones for their display. Also stands for Continuous Glucose Monitoring, which is the term for using a CGM",,https://www.nhs.uk/conditions/type-1-diabetes/continuous-glucose-monitoring-cgms/,2018-10-02 19:41:48.380,2018-10-02 19:41:48.380,4A17CC53-AAA6-41F7-B697-0A89BD1604E4,"Continuous Glucose Monitor. A device which continuously checks a person's glucose values and sends a reading ever few minutes, often 5 minutes, to a device. Many now use phones for their display. Also stands for Continuous Glucose Monitoring, which is the term for using a CGM "
CGM in the Cloud,The Facebook group created in April 2014 for people to share information and ideas about getting CGM data into the Cloud,Nightscout,https://www.facebook.com/groups/cgminthecloud/,2018-10-02 19:41:48.753,2018-10-02 19:41:48.753,CEDBF718-D090-4D61-9533-C518B3500925,"The Facebook group created in April 2014 for people to share information and ideas about getting [[CGM]] data into the Cloud "
clone,Term within GitHub when you copy someone's (or your own) code,fork,https://help.github.com/articles/cloning-a-repository/,2018-10-02 19:41:49.317,2018-10-02 19:41:49.317,F5DE267C-A0F2-413F-9E9E-FC4901ACC830,"Term within [[GitHub]] when you copy someone's (or your own) code "
closed-loop,A system which uses CGM data and an insulin pump to automatically regulate a user's glucose levels,open-loop,,2018-10-02 19:41:49.910,2018-10-02 19:41:49.910,EABE31D3-23ED-4CE6-9C4A-A965F5E8D56E,"A system which uses [[CGM]] data and an insulin pump to automatically regulate a user's glucose levels "
COB,Carbs On Board - How much carbohydrate is still active in your body and can be raising your glucose levels. Shown on a Nightscout site.,,,2018-10-02 19:41:50.287,2018-10-02 19:41:50.287,0F8CD2BF-005A-40C7-8301-C6F2B2EB6269,"Carbs On Board - How much carbohydrate is still active in your body and can be raising your glucose levels. Shown on a [[Nightscout]] site.  "
Combo,The Accu-Chek Combo insulin pump which can be used with AndroidAPS,,https://www.accu-chek.co.uk/insulin-pumps/combo,2018-10-02 19:41:50.927,2018-10-02 19:41:50.927,298546E7-26E6-48D7-A6A8-577BF78AA1DD,"The [[Accu-Chek]] Combo insulin pump which can be used with [[AndroidAPS]] "
compilation,"The process of turning computer program code into a program, which will run on a computer or device. Commonly used with AndroidAPS to make the apk files",,,2018-10-02 19:41:51.393,2018-10-02 19:41:51.393,0EB0BED6-E72A-41B5-8678-B76E95B342D6,"The process of turning computer program code into a program, which will run on a computer or device. Commonly used with [[AndroidAPS]] to make the apk files "
Control-IQ,The closed-loop functionality used by the Tandem t:slim X2 insulin pump,Basal-IQ,https://diatribe.org/whats-next-tandem-predictive-low-glucose-suspend-under-fda-review,2018-10-02 19:41:51.770,2018-10-02 19:41:51.770,E0B24F9D-3715-48F6-B016-EE998E37A8BA,"The [[closed-loop]] functionality used by the [[Tandem]] [[t:slim X2]] insulin pump "
CP,Carbohydrate Portion - Usually measured as 10g of carbohydrate is equal to 1CP. Dividing by 10 can make the calculations easier (and shorter to record) however most clinics are now measuring carbohydrate in grams (g). Used as part of DAFNE,,,2018-10-02 19:41:52.160,2018-10-02 19:41:52.160,563E1E62-F799-42E5-9F1C-798C2457F258,"Carbohydrate Portion - Usually measured as 10g of carbohydrate is equal to 1CP. Dividing by 10 can make the calculations easier (and shorter to record) however most clinics are now measuring carbohydrate in grams (g). Used as part of [[DAFNE]] "
CR,Carbohydrate Ratio - A measurement of how much insulin you need for a given amount of carbohydrate in grams (g) or carbohydrate portions (CP),I:C,,2018-10-02 19:41:52.707,2018-10-02 19:41:52.707,2387FEC2-2B01-4207-A2A1-B18DA6C741E8,"Carbohydrate Ratio - A measurement of how much insulin you need for a given amount of carbohydrate in grams (g) or carbohydrate portions (CP) "
CT-100,CGM system made by POCTech,POCTech,http://www.poctechcorp.com/en/contents/268/5682.html,2018-10-02 19:41:53.083,2018-10-02 19:41:53.083,836FCB2A-7C87-48EF-BCE6-FFDEC4E5E7D2,"CGM system made by [[POCTech]] "
CWD,Child with Diabetes,,,2018-10-02 19:41:53.440,2018-10-02 19:41:53.440,60897B0C-2A12-4BF7-98AC-5AD4ACB2899D,"Child with Diabetes "
DAFNE,"Dose Adjustment For Normal Eating. A multi day structured education course, focussed around carbohydrates and eating",,http://www.dafne.uk.com/,2018-10-02 19:41:53.817,2018-10-02 19:41:53.817,F1577FD0-225D-40B7-8195-5AF7DC70F507,"Dose Adjustment For Normal Eating. A multi day structured education course, focussed around carbohydrates and eating "
Dana,"Either referring to Dana M Lewis (creator of OpenAPS, also see DIYPS) or an insulin pump range made by SOOIL","DanaRS, DanaR",,2018-10-02 19:41:54.380,2018-10-02 19:41:54.380,9CEC599B-7711-4793-A47B-D875285EF313,"Either referring to Dana M Lewis (creator of [[OpenAPS]], also see DIYPS) or an insulin pump range made by [[SOOIL]] "
DanaR,Insulin pump made by SOOIL which can be used with AndroidAPS,DanaRS,http://www.sooil.com/eng/product/dana-r.php,2018-10-02 19:41:54.753,2018-10-02 19:41:54.753,494DB17D-5ED4-485D-9A58-B21C407AFC87,"Insulin pump made by [[SOOIL]] which can be used with [[AndroidAPS]] "
DanaRS,Insulin pump made by SOOIL which can be used with AndroidAPS. Replaced the DanaR,"DanaR ",http://www.sooil.com/eng/product/,2018-10-02 19:41:55.130,2018-10-02 19:41:55.130,3428B3B5-238F-4F4A-B808-515CAD5AE96F,"Insulin pump made by [[SOOIL]] which can be used with [[AndroidAPS]]. Replaced the [[DanaR]] "
DData,A diabetes tech conference where companies and DIY community developers meet. Was where the hashtag #WeAreNotWaiting was coined,,https://www.healthline.com/health/diabetesmine/innovation/we-are-not-waiting,2018-10-02 19:41:55.503,2018-10-02 19:41:55.503,0EA5E431-C90C-4FAA-B53D-11F4525A4E76,"A diabetes tech conference where companies and DIY community developers meet. Was where the hashtag #WeAreNotWaiting was coined "
Deliberately non-compliant,This term has been happily re-worked as a badge of honour by many loopers. Read the linked blog for more info. NOTE: It is not okay for a HCP to label a person with Diabetes as 'deliberately non-compliant' #LanguageMatters,,https://diabetogenic.wordpress.com/2017/10/25/deliberately-non-compliant-diabetic/,2018-10-02 19:41:55.893,2018-10-02 19:41:55.893,16E23611-DBCE-415A-81E4-64488C8E6922,"This term has been happily re-worked as a badge of honour by many loopers. Read the linked blog for more info. NOTE: It is not okay for a [[HCP]] to label a person with Diabetes as 'deliberately non-compliant' #LanguageMatters "
Dexcom,"The company who make the much-loved CGM G4, G5 and G6",,http://www.dexcom.com/en-GB,2018-10-02 19:41:56.457,2018-10-02 19:41:56.457,27065005-E0D2-4576-9724-C0B8119DDFFA,"The company who make the much-loved [[CGM]] [[G4]], [[G5]] and [[G6]] "
DexDrip,"The original name for the device now called xDrip, or xBridge",,,2018-10-02 19:41:56.850,2018-10-02 19:41:56.850,2A954265-6B08-41F6-8629-CCB544AB2E60,"The original name for the device now called [[xDrip]], or [[xBridge]] "
DIA,Duration Insulin Action - How long it takes for an insulin dose to be completely used by your body (typically 3-7 hours),,http://www.diabettech.com/insulin/why-we-are-regularly-wrong-in-the-duration-of-insulin-action-dia-times-we-use-and-why-it-matters/,2018-10-02 19:41:57.537,2018-10-02 19:41:57.537,8F1EA33C-DFBA-4397-88E4-70B8EA58621D,"Duration Insulin Action - How long it takes for an insulin dose to be completely used by your body (typically 3-7 hours) "
DIYPS,DIY Pancreas System. For more info click the link to Dana M Lewis's blog,,www.diyps.org,2018-10-02 19:41:57.973,2018-10-02 19:41:57.973,95EFFFB0-373C-4DBE-80D4-7DFAAD2B133C,"DIY Pancreas System. For more info click the link to [[Dana]] M Lewis's blog "
Edison,"A computer chip made by Intel until 2018, which became the heart of many OpenAPS systems",,https://en.wikipedia.org/wiki/Intel_Edison,2018-10-02 19:41:58.350,2018-10-02 19:41:58.350,AA6A65D1-9AB8-45BE-8F72-2EF873A04523,"A computer chip made by Intel until 2018, which became the heart of many [[OpenAPS]] systems "
Enlite,"CGM system by Medtronic, used with their Veo and 640g pumps",Guardian,,2018-10-02 19:41:58.723,2018-10-02 19:41:58.723,5327BB7C-AC9C-42F6-B6D6-256479A67B1D,"CGM system by [[Medtronic]], used with their Veo and 640g pumps "
Eversense,CGM system which uses an implantable sensor and lasts 90 days,,https://www.eversensediabetes.com/,2018-10-02 19:41:59.100,2018-10-02 19:41:59.100,797D24F9-230D-4BFB-94AF-5EF6B6296CE8,"CGM system which uses an implantable sensor and lasts 90 days "
Explorer,"Explorer board. A printed circuit board (PCB) designed, manufactured and distributed by the DIY looping community.",,https://www.enhancedradio.com/products/900mhz-explorer-hat?variant=1950212653065,2018-10-02 19:41:59.600,2018-10-02 19:41:59.600,07974F59-020B-4CEF-8F3F-0F3A5D5880F4,"Explorer board. A printed circuit board (PCB) designed, manufactured and distributed by the DIY [[looping]] community.  "
Explorer Board,"A PCB designed, manufactured and distributed by the DIY looping community. For use with an Intel Edison chip",,https://www.enhancedradio.com/products/900mhz-explorer-block-pre-order,2018-10-02 19:41:59.973,2018-10-02 19:41:59.973,2330A225-E7D1-49B9-9F6C-06D01BF84FA9,"A [[PCB]] designed, manufactured and distributed by the DIY [[looping]] community. For use with an Intel [[Edison]] chip "
Explorer HAT,"A PCB with screen, designed, manufactured and distributed by the DIY looping community. For use with a Pi0WH chip.",Pi+HAT,https://www.enhancedradio.com/products/900mhz-explorer-hat?variant=1950212653065,2018-10-02 19:42:00.350,2018-10-02 19:42:00.350,EBA3C870-0EE9-4662-ADDB-855E280749FC,"A [[PCB]] with screen, designed, manufactured and distributed by the DIY [[looping]] community. For use with a [[Pi0WH]] chip.  "
firmware,Software which runs a piece of hardware. For looping this is really important for some insulin Medtronic pumps as the firmware revision dictates whether the pump is loopable,,https://openaps.readthedocs.io/en/latest/docs/Gear%20Up/pump.html,2018-10-02 19:42:00.800,2018-10-02 19:42:00.800,21A1359D-7F3B-4788-9430-5A74E2031100,"Software which runs a piece of hardware. For [[looping]] this is really important for some insulin [[Medtronic]] pumps as the firmware revision dictates whether the pump is loopable "
flash,"Loading new firmware onto a piece of hardware, such as loading Jubilinx on the Intel Edison to use in an OpenAPS rig",,,2018-10-02 19:42:01.223,2018-10-02 19:42:01.223,5D2B1539-AE53-41E9-AD04-E865DB3B8661,"Loading new [[firmware]] onto a piece of hardware, such as loading [[Jubilinx]] on the Intel [[Edison]] to use in an [[OpenAPS]] [[rig]] "
fork,"Used with GitHub when you take a copy of someone's code but keep your version linked to theirs. This is what is done for Nightscout and OpenAPS, for example.",clone,https://guides.github.com/activities/forking/,2018-10-02 19:42:01.600,2018-10-02 19:42:01.600,17E8571D-5643-47CD-BDE7-69598301A227,"Used with [[GitHub]] when you take a copy of someone's code but keep your version linked to theirs. This is what is done for [[Nightscout]] and [[OpenAPS]], for example.  "
Freestyle Libre,A sensor worn for 14 days that provides continuous interstitial glucose readings to a reader or phone via NFC. Made by Abbott,,https://www.freestylelibre.co.uk/libre/,2018-10-02 19:42:01.957,2018-10-02 19:42:01.957,9D9A8D5B-816D-4216-AF76-DDEFD25EA0E4,"A sensor worn for 14 days that provides continuous interstitial glucose readings to a reader or phone via NFC. Made by [[Abbott]] "
G4,"Shortened version of Dexcom G4. The CGM system from Dexcom introduced in 2013, with a new sensor and transmitter design, and improved accuracy.","G5, G6",https://www.dexcom.com/dexcom-g4-platinum-share,2018-10-02 19:42:02.473,2018-10-02 19:42:02.473,58B85C2B-6BB1-44ED-8359-0EEFE5E96465,"Shortened version of [[Dexcom]] G4. The [[CGM]] system from [[Dexcom]] introduced in 2013, with a new sensor and transmitter design, and improved accuracy.  "
G5,"Shortened version of Dexcom G5. The CGM system from Dexcom introduced in 2015, which introduced Bluetooth connectivity, meaning that sensor readings could be sent to a mobile phone directly.","G4, G6",https://www.dexcom.com/en-GB/g5-mobile-uk-english,2018-10-02 19:42:02.910,2018-10-02 19:42:02.910,BC9A181B-274E-4904-B31D-3B3F28C2C021,"Shortened version of [[Dexcom]] G5. The [[CGM]] system from [[Dexcom]] introduced in 2015, which introduced Bluetooth connectivity, meaning that sensor readings could be sent to a mobile phone directly.  "
G6,"Shortened version of Dexcom G6. The CGM system from Dexcom introduced in 2018, which introduce 10 day wear for a sensor and no fingerstick checks, due to its improved MARD","G4, G5",http://www.dexcom.com/en-GB/uk-dexcom-g6-cgm-system,2018-10-02 19:42:03.300,2018-10-02 19:42:03.300,BC56E2EA-27E9-4DED-9B24-5EDB32D137E5,"Shortened version of [[Dexcom]] G6. The [[CGM]] system from [[Dexcom]] introduced in 2018, which introduce 10 day wear for a sensor and no fingerstick checks, due to its improved [[MARD]] "
GitHub,The home of Open Source software,,github.com,2018-10-02 19:42:04.100,2018-10-02 19:42:04.100,1243528B-5998-4706-84A9-331C32FFA7F2,"The home of Open Source software "
Gitter,The place where techies and developers go to chat,,gitter.im,2018-10-02 19:42:04.457,2018-10-02 19:42:04.457,55C1BAB9-8175-4C56-BCB8-622A95CE5017,"The place where techies and developers go to chat "
Glimp,"A mobile phone app that can read Libre sensor data either directly via an NFC scan, or from a transmitter. Nowadays people use devices which sit on top of a Libre sensor, such as Blucon, LimiTTer and MiaoMiao","xDrip+, Spike",https://www.deebee.it/?p=1411,2018-10-02 19:42:05.037,2018-10-02 19:42:05.037,E88A8267-1CED-4AE0-B6AD-17CC6A58380F,"A mobile phone app that can read [[Libre]] sensor data either directly via an NFC scan, or from a transmitter. Nowadays people use devices which sit on top of a [[Libre]] sensor, such as [[Blucon]], [[LimiTTer]] and [[MiaoMiao]] "
Guardian,CGM system by Medtronic,Enlite,,2018-10-02 19:42:03.707,2018-10-02 19:42:03.707,E3B28024-5036-410A-B5B9-5B3834DB747B,"CGM system by [[Medtronic]] "
GV,"Glycemic Variability. A measure of how much glucose levels vary over a period, see linked article ",GVI,https://www.liebertpub.com/doi/abs/10.1089/dia.2017.0388,2018-10-02 19:42:05.410,2018-10-02 19:42:05.410,089310C1-36BB-4FF4-80FE-1882EC257753,"Glycemic Variability. A measure of how much glucose levels vary over a period, see linked article  "
GVI,"Glycemic Variability Index. A measure of how much glucose levels vary over a period, see linked article ",GV,https://www.ncbi.nlm.nih.gov/pmc/articles/PMC4543190/,2018-10-02 19:42:05.770,2018-10-02 19:42:05.770,54E52796-49C4-4A37-A0C3-5B5EF45859CE,"Glycemic Variability Index. A measure of how much glucose levels vary over a period, see linked article  "
HAPP,The Hackabetes Artificial Pancreas Project. An open-loop program created by Tim Omer which uses xDrip+ CGM readings to suggest TBRs to make manually to an insulin pump.,,https://github.com/timomer/HAPP,2018-10-02 19:42:06.160,2018-10-02 19:42:06.160,0644B238-8C3E-4F02-9F7B-96391BB7E480,"The Hackabetes Artificial Pancreas Project. An [[open-loop]] program created by Tim Omer which uses [[xDrip+]] [[CGM]] readings to suggest [[TBRs]] to make manually to an insulin pump.  "
HAT,"A hardware component that can be added to an OpenAPS rig, e.g. an Explorer HAT that contains a radio and screen to allow the computer to talk to the phone and pump and display information",,https://www.enhancedradio.com/products/900mhz-explorer-hat?variant=1950212653065,2018-10-02 19:42:06.537,2018-10-02 19:42:06.537,DFBEA0A9-C4DB-41A6-8AF9-C797F49594F8,"A hardware component that can be added to an [[OpenAPS]] [[rig]], e. g. an [[Explorer HAT]] that contains a [[radio]] and screen to allow the computer to talk to the phone and pump and display information "
HCP,Health Care Professional - A medically qualified professional,,,2018-10-02 19:42:06.910,2018-10-02 19:42:06.910,E0227200-4DA2-4364-A79B-E46277BC2D1F,"Health Care Professional - A medically qualified professional "
Heroku,"Cloud web site hosting. It's used to host Nightscout websites and more frequently used for new installs, in comparison to Azure which was the original option",,www.heroku.com/,2018-10-02 19:42:07.410,2018-10-02 19:42:07.410,C7049418-28A4-4CAB-830D-968DDC7F330F,"Cloud web site hosting. It's used to host [[Nightscout]] websites and more frequently used for new installs, in comparison to [[Azure]] which was the original option "
Hot Button,An Android app which allows you to connect to your OpenAPS rig,,https://openaps.readthedocs.io/en/latest/docs/While%20You%20Wait%20For%20Gear/monitoring-OpenAPS.html#hot-button-for-android-users,2018-10-02 19:42:07.787,2018-10-02 19:42:07.787,762943DD-189C-41A6-8590-AF03CCE42181,"An Android app which allows you to connect to your [[OpenAPS]] [[rig]] "
I:C,"Insulin to carbohydrate ratio. The amount of carbohydrates which which equal 1 unit of insulin. Tailored not just to the individual, but to the time of day too. Also written as CR, IC and ICR",CR,,2018-10-02 19:42:08.537,2018-10-02 19:42:08.537,D56C1DC0-AB51-46CB-91D4-8D405DD3F197,"Insulin to carbohydrate ratio. The amount of carbohydrates which which equal 1 unit of insulin. Tailored not just to the individual, but to the time of day too. Also written as [[CR]], [[IC]] and [[ICR]] "
IC,See I:C,I:C,,2018-10-02 19:42:08.160,2018-10-02 19:42:08.160,37149021-D3BB-48A0-B8CE-1060D0F6B2A5,"See [[I:C]] "
ICR,See I:C,"I:C, CR",,2018-10-02 19:42:08.897,2018-10-02 19:42:08.897,B73E0279-740C-413D-997F-0A610C36C2BB,"See [[I:C]] "
IFTTT,IF This Then That - A web based system for carrying out an action when another action has already occurred.,,https://ifttt.com/,2018-10-02 19:42:09.253,2018-10-02 19:42:09.253,38652625-46A0-4A37-A4CF-A1074A132A31,"IF This Then That - A web based system for carrying out an action when another action has already occurred.  "
Insight,"The Roche Accu-Chek Insight insulin pump, which can be used with AndroidAPS (development testing only). Initially was meant to replace the Combo pump",,https://www.accu-chek.co.uk/insulin-pumps/insight,2018-10-02 19:42:09.630,2018-10-02 19:42:09.630,A7D77D05-1348-45A1-812E-9A1C989B6C0E,"The [[Roche]] [[Accu-Chek]] Insight insulin pump, which can be used with [[AndroidAPS]] (development testing only). Initially was meant to replace the [[Combo]] pump "
IOB,Insulin On Board - How much insulin is still active in your body and can be reducing your glucose levels. A key part of the calculations used by closed-loop systems,negative IOB,https://openaps.readthedocs.io/en/latest/docs/While%20You%20Wait%20For%20Gear/understanding-insulin-on-board-calculations.html,2018-10-02 19:42:10.003,2018-10-02 19:42:10.003,64F99AE4-03F7-44BC-9803-29D242A8EE3C,"Insulin On Board - How much insulin is still active in your body and can be reducing your glucose levels. A key part of the calculations used by [[closed-loop]] systems "
iosxdripreader,"Old iPhone/iOS version of xDrip+, now replaced by Spike",,https://github.com/JohanDegraeve/iosxdripreader,2018-10-02 19:42:10.503,2018-10-02 19:42:10.503,CE457726-AC98-4662-AFDE-22E770E6A4DC,"Old iPhone/iOS version of [[xDrip+]], now replaced by [[Spike]] "
ISF,Insulin Sensitivity Factor -  the amount by which one unit of insulin will reduce your blood glucose assuming that nothing else changes,,,2018-10-02 19:42:10.880,2018-10-02 19:42:10.880,D8000632-00E8-4CC8-9D09-87896E941137,"Insulin Sensitivity Factor -  the amount by which one unit of insulin will reduce your blood glucose assuming that nothing else changes "
Item,Meaning,See also,Links,2018-10-02 19:41:33.690,2018-10-02 19:41:33.690,CE7A0474-2FB7-4989-90D8-BA783F649278,"Meaning "
JST,"Type of connector used for plugging a LiPo battery into a PCB, such as an Explorer Board or Explorer HAT",,,2018-10-02 19:42:11.630,2018-10-02 19:42:11.630,53B0EE1A-5555-4DA3-8342-50013A32D17B,"Type of connector used for plugging a [[LiPo]] battery into a [[PCB]], such as an [[Explorer]] Board or [[Explorer]] [[HAT]] "
Jubilinx,An operating system used for an OpenAPS rig which uses an Intel Edison chip and Explorer Board,,https://openaps.readthedocs.io/en/latest/docs/Resources/Edison-Flashing/PC-flash.html,2018-10-02 19:42:11.253,2018-10-02 19:42:11.253,F5ABA59D-7FD3-4AC5-80C5-4EE920265CCF,"An operating system used for an [[OpenAPS]] [[rig]] which uses an Intel [[Edison]] chip and [[Explorer]] Board "
Libre,See Freestyle Libre,,https://www.freestylelibre.co.uk/libre/,2018-10-02 19:42:11.990,2018-10-02 19:42:11.990,FDB7058C-57F6-4582-AD28-47240DE8F87E,"See [[Freestyle Libre]] "
LimiTTer,One of the first DIY designs to read Freestyle Libre data,,https://forum.tudiabetes.org/t/limitter-your-selfmade-cgm-transmitter-for-the-freestyle-libre/54443,2018-10-02 19:42:12.363,2018-10-02 19:42:12.363,E53056E3-CA50-4B0D-9B0D-3AACBC553A34,"One of the first DIY designs to read [[Freestyle Libre]] data "
Lineage,Open source mobile phone operating system based on Android. Often used to bring new features to older mobile phones. Typically used for xDrip or Android APS,,https://lineageos.org/,2018-10-02 19:42:12.740,2018-10-02 19:42:12.740,AA51AD62-4363-4023-96B3-9369CACA42D5,"Open source mobile phone operating system based on Android. Often used to bring new features to older mobile phones. Typically used for [[xDrip]] or Android [[APS]] "
LiPo,"A lithium polymer battery, commonly used to power OpenAPS rigs and xDrip devices",,https://en.wikipedia.org/wiki/Lithium_polymer_battery,2018-10-02 19:42:13.147,2018-10-02 19:42:13.147,89009850-28C8-4E3B-923D-223E824A67B1,"A lithium polymer battery, commonly used to power [[OpenAPS]] rigs and [[xDrip]] devices "
Logger,Runs on an OpenAPS rig to read Dexcom G5 data direct - and get offline looping,Lookout,https://openaps.readthedocs.io/en/latest/docs/Customize-Iterate/offline-looping-and-monitoring.html,2018-10-02 19:42:13.677,2018-10-02 19:42:13.677,3783FE34-8DCA-459B-97E4-E57DC1D62A2D,"Runs on an [[OpenAPS]] [[rig]] to read [[Dexcom]] [[G5]] data direct - and get [[offline]] [[looping]] "
Lookout,Runs on an OpenAPS rig to read Dexcom G5 data direct - and get offline looping,Logger,https://openaps.readthedocs.io/en/latest/docs/Customize-Iterate/offline-looping-and-monitoring.html,2018-10-02 19:42:14.083,2018-10-02 19:42:14.083,7E26C162-060B-4BC2-9207-73D1156CFAD8,"Runs on an [[OpenAPS]] [[rig]] to read [[Dexcom]] [[G5]] data direct - and get [[offline]] [[looping]] "
Loop,"'Loop' (with a capital L) refers to the closed-loop software used on Apple devices, e.g. 'I've decided to use Loop, not AndroidAPS or OpenAPS. 'loop' (with a lower-case L) is a word describing all closed-loop versions, e.g. 'I'm reading up on what I need to do to loop'",Rileylink,http://www.diabettech.com/looping-a-guide/,2018-10-02 19:42:14.473,2018-10-02 19:42:14.473,10B4FB9D-0511-4210-BD7D-7F826BC6CE1A,"'Loop' (with a capital L) refers to the [[closed-loop]] software used on Apple devices, e. g. 'I've decided to use Loop, not [[AndroidAPS]] or [[OpenAPS]]. 'loop' (with a lower-case L) is a word describing all [[closed-loop]] versions, e. g. 'I'm reading up on what I need to do to loop' "
Looped,The worldwide Facebook group for people who are looping,,https://www.facebook.com/groups/TheLoopedGroup/,2018-10-02 19:42:14.863,2018-10-02 19:42:14.863,A2482FEC-F0FC-40A4-82D8-E7776F724658,"The worldwide Facebook group for people who are [[looping]] "
Looper,"Someone who loops, i.e. uses a closed-loop system",,,2018-10-02 19:42:15.240,2018-10-02 19:42:15.240,2C61FA34-4C22-4DAB-A1F0-7815B0F21147,"Someone who loops, i. e. uses a [[closed-loop]] system "
looping,Using a open-loop or closed-loop system. If you want to know more about looping read the link article,,http://www.diabettech.com/looping-a-guide/,2018-10-02 19:42:15.753,2018-10-02 19:42:15.753,AF8D4508-D788-45A4-8091-1F08EFFC1AC6,"Using a [[open-loop]] or [[closed-loop]] system. If you want to know more about looping read the link article "
Loopkit,The base code used for Loop,Rileylink,https://loopkit.github.io/loopdocs/,2018-10-02 19:42:16.130,2018-10-02 19:42:16.130,DF105086-9597-432D-81C4-7A47CE0DFC02,"The base code used for [[Loop]] "
MA,Meal Assist - used within OpenAPS to aid meal time adjustments,,https://openaps.readthedocs.io/en/2017-07-13/docs/walkthrough/manual/phase-6/Configure-Automatic-Sensitivity-Mode.html,2018-10-02 19:42:16.503,2018-10-02 19:42:16.503,DBC96277-323C-4403-A3F4-1F74F9E9C066,"Meal Assist - used within [[OpenAPS]] to aid meal time adjustments "
MARD,Mean Absolute Relative Difference,,https://www.ncbi.nlm.nih.gov/pmc/articles/PMC5375072/,2018-10-02 19:42:16.863,2018-10-02 19:42:16.863,8D9D7E40-CE1B-4619-AD7F-E0BD0E1182ED,"Mean Absolute Relative Difference "
MBG,Mean Blood Glucose,,,2018-10-02 19:42:17.270,2018-10-02 19:42:17.270,51EC0FBE-0B5D-433B-942B-4701D6F44091,"Mean Blood Glucose "
Meal Assist,see MA,AMA,,2018-10-02 19:42:17.787,2018-10-02 19:42:17.787,98657ABC-FCAE-4E74-8278-A3FC88693D94,"see [[MA]] "
Medtronic,The company who make many things include insulin pumps and CGM,"640G, Veo",https://www.medtronic-diabetes.co.uk/,2018-10-02 19:42:18.253,2018-10-02 19:42:18.253,485E8E6C-AC49-414F-A04A-2303E1F8D31B,"The company who make many things include insulin pumps and [[CGM]] "
MiaoMiao,A hardware NFC scanning device that is rechargable and waterproof and can be used in conjunction with Freestyle Libre to give CGM like functionality. Benefits include sending glucose readings to your phone (or smartwatch) every 5 minutes and also alarm on high or low glucose levels.,Freestyle Libre,http://miaomiao.cool,2018-10-02 19:42:18.660,2018-10-02 19:42:18.660,33A75FD3-4E5A-4DA0-A031-77CF62886F01,"A hardware NFC scanning device that is rechargable and waterproof and can be used in conjunction with [[Freestyle Libre]] to give [[CGM]] like functionality. Benefits include sending glucose readings to your phone (or smartwatch) every 5 minutes and also alarm on high or low glucose levels.  "
microbolus,see SMB,,,2018-10-02 19:42:19.020,2018-10-02 19:42:19.020,D2881574-E83C-4628-B6BB-FBF077A1B0ED,"see [[SMB]] "
Mlab,"An internet hosted database often used by Nightscout (and closed-loop) users to store their glucose, and insulin information for closed loop systems",,https://mlab.com/,2018-10-02 19:42:19.427,2018-10-02 19:42:19.427,CAC77EE0-B79F-46BB-8F95-AF8028387BB6,"An internet hosted database often used by [[Nightscout]] (and closed-loop) users to store their glucose, and insulin information for closed loop systems "
mmtune,The OpenAPS process which finds the correct frequency for a loopable Medtronic insulin pump which will be different depending on the pump and whether it was a Worldwide model or for USA/Canada/Australia,,,2018-10-02 19:42:19.850,2018-10-02 19:42:19.850,F90DF508-4BC2-4DA9-8520-839177AD170A,"The [[OpenAPS]] process which finds the correct frequency for a loopable [[Medtronic]] insulin pump which will be different depending on the pump and whether it was a Worldwide model or for USA/Canada/Australia "
Mongolab,See Mlab,,,2018-10-02 19:42:20.503,2018-10-02 19:42:20.503,9370EA9A-741C-4B20-8F9B-1DBAE35473AA,"See [[Mlab]] "
n=1,"Used to indicate the number of people for each individual DIY closed-loop system. It's n=1 as everyone has to build their own, so as of September 2018 the number of known loopers worldwide is (n=1)*872, because 872 built their own system (from common open source code)","closed-loop, open source",https://diyps.org/2014/12/04/why-diyps-n1-data-is-significant-and-diyps-is-a-year-old/,2018-10-02 19:42:20.897,2018-10-02 19:42:20.897,31EB17B4-549C-4C74-999D-BAD5BCC60EF5,"Used to indicate the number of people for each individual DIY [[closed-loop]] system. It's n=1 as everyone has to build their own, so as of September 2018 the number of known loopers worldwide is (n=1)*872, because 872 built their own system (from common [[open source]] code) "
negative IOB,Concept used in closed loops caused when negative TBRs have been used to give less insulin that the normal basal rate would have given,IOB,https://openaps.readthedocs.io/en/latest/docs/Customize-Iterate/optimize-your-settings.html,2018-10-02 19:42:21.317,2018-10-02 19:42:21.317,B1F7C7FC-65AD-4C85-9E5A-9831AB540E7F,"Concept used in closed loops caused when negative [[TBRs]] have been used to give less insulin that the normal basal rate would have given "
Nightrider,"A multiple use non-waterproof Libre reader, part of the Blucon range from Ambrosia Systems",,https://www.ambrosiasys.com/,2018-10-02 19:42:21.707,2018-10-02 19:42:21.707,B97A8716-39BD-4F61-9592-5F06BAA75CE2,"A multiple use non-waterproof [[Libre]] reader, part of the [[Blucon]] range from [[Ambrosia]] Systems "
Nightscout,A personal web page that can display readings from a glucose sensor in a graph along with current level and trend arrow as well as pump dose information. The web page can be shared to allow remote monitoring of loved ones or share data with HCPs.,,http://nightscout.info,2018-10-02 19:42:22.147,2018-10-02 19:42:22.147,BFE56AEF-C064-4680-B08F-693D07855964,"A personal web page that can display readings from a glucose sensor in a graph along with current level and trend arrow as well as pump dose information. The web page can be shared to allow remote monitoring of loved ones or share data with HCPs.  "
NSClient,Part of the AndroidAPS system which can be used stand alone to do Care Portal entries to Nightscout,,https://github.com/nightscout/NSClient-Android/releases,2018-10-02 19:42:22.550,2018-10-02 19:42:22.550,0FE0D96D-94FC-45DD-8231-65552B6896E1,"Part of the [[AndroidAPS]] system which can be used stand alone to do [[Care Portal]] entries to [[Nightscout]] "
offline,"In looping terms this means that the closed-loop can run without an internet connection. Some OpenAPS set ups rely on an internet connection to work, although it is possible to make it work offline without too much trouble. Both Loop and AndroidAPS work offline by default",,,2018-10-02 19:42:23.207,2018-10-02 19:42:23.207,E39E0A95-B4DB-4A16-89B2-FAB9B110C37B,"In [[looping]] terms this means that the [[closed-loop]] can run without an internet connection. Some [[OpenAPS]] set ups rely on an internet connection to work, although it is possible to make it work offline without too much trouble. Both [[Loop]] and [[AndroidAPS]] work offline by default "
Open Humans,"A web site where people can explore, analyse and donate their data. Used as part of the OpenAPS Data Commons ",,https://www.openhumans.org/,2018-10-02 19:42:24.003,2018-10-02 19:42:24.003,044A320A-B442-41BD-A63C-1CC2FA9386CC,"A web site where people can explore, analyse and donate their data. Used as part of the [[OpenAPS]] Data Commons  "
open source,"Open source refers to software where the programming code is also shared publicly and available for anyone to inspect, use or clone and modify. Open source is often s",,,2018-10-02 19:42:24.410,2018-10-02 19:42:24.410,C70D072F-7727-43BC-A470-0A230C12C02F,"Open source refers to software where the programming code is also shared publicly and available for anyone to inspect, use or [[clone]] and modify. Open source is often s "
OpenAPS,Open source Artificial Pancreas System - an open and transparent software system to create a basic Artificial Pancreas System allowing a glucose level reading device to trigger an action on an insulin delivery device,,www.openaps.org,2018-10-02 19:42:24.910,2018-10-02 19:42:24.910,AA593924-446F-4D6D-A0F8-C7B1DA0EC679,"Open source Artificial Pancreas System - an open and transparent software system to create a basic Artificial Pancreas System allowing a glucose level reading device to trigger an action on an insulin delivery device "
OpenAPS Data Commons,Where people with diabetes can donate their anonymous glucose and pump data to allow it to be used in analysis by medical researchers,Open Humans,https://diyps.org/tag/open-humans/,2018-10-02 19:42:25.333,2018-10-02 19:42:25.333,8262B120-A860-49E8-9EC1-C921B3FD6E74,"Where people with diabetes can donate their anonymous glucose and pump data to allow it to be used in analysis by medical researchers "
open-loop,A system where an app recommends actions to take to manage glucose levels. An examples are AndroidAPS or HAPP which can suggest a TBR to be manually performed on an insulin pump.,,,2018-10-02 19:42:23.630,2018-10-02 19:42:23.630,731DB37D-2739-4ED0-B37D-D0052877DF3E,"A system where an app recommends actions to take to manage glucose levels. An examples are [[AndroidAPS]] or [[HAPP]] which can suggest a [[TBR]] to be manually performed on an insulin pump.  "
oref0,"OpenAPS Reference Design Version 0 - The original (Version 0) OpenAPS reference algorithm ",AndroidAPS,https://openaps.readthedocs.io/en/2017-05-21/docs/walkthrough/manual/phase-2/Using-oref0-tools.html,2018-10-02 19:42:25.740,2018-10-02 19:42:25.740,2F182934-EEB0-4A3F-BE36-68B5F33C744C,"OpenAPS Reference Design Version 0 - The original (Version 0) [[OpenAPS]] reference algorithm  "
oref1,OpenAPS Reference Design Version 1 - An updated OpenAPS reference algorithm introducing features such as SMB,AndroidAPS,https://diyps.org/2017/04/30/introducing-oref1-and-super-microboluses-smb-and-what-it-means-compared-to-oref0-the-original-openaps-algorithm/,2018-10-02 19:42:26.147,2018-10-02 19:42:26.147,5CF40EC2-01F3-48D9-A746-5B3479D5A3C9,"OpenAPS Reference Design Version 1 - An updated [[OpenAPS]] reference algorithm introducing features such as [[SMB]] "
OTG,On The Go - Refers to a specific type of phone and/or USB cable that within the #WeAreNotWaiting world is used to connect a glucose uploader device to a mobile phone,,,2018-10-02 19:42:26.600,2018-10-02 19:42:26.600,BD636FED-B5D4-4CE8-8A93-8DCD8F9F97D2,"On The Go - Refers to a specific type of phone and/or USB cable that within the #WeAreNotWaiting world is used to connect a glucose uploader device to a mobile phone "
Papertrail,Cloud based logging service. Can be used with OpenAPS to send logs of everything happening within the rig up to the cloud for remote viewing,,https://papertrailapp.com,2018-10-02 19:42:27.020,2018-10-02 19:42:27.020,9138C535-D825-46E0-B754-C64CEC418E40,"Cloud based logging service. Can be used with [[OpenAPS]] to send logs of everything happening within the [[rig]] up to the cloud for remote viewing "
patched app,"Common refers to a version of the Dexcom Android phone app which has been changed by the DIY community to allow it to run on more models, rather than the quite limited list of officially supported phones","G5,G6",,2018-10-02 19:42:27.723,2018-10-02 19:42:27.723,74DA61EA-20B0-4A7A-9643-F43FAEBC6BF0,"Common refers to a version of the [[Dexcom]] Android phone app which has been changed by the DIY community to allow it to run on more models, rather than the quite limited list of officially supported phones "
PCB,Printed Circuit Board. The Explorer Board and Explorer HAT are good examples,,,2018-10-02 19:42:28.100,2018-10-02 19:42:28.100,09F8D251-D7AC-4114-9583-8FC313B8F8D2,"Printed Circuit Board. The [[Explorer]] Board and [[Explorer]] [[HAT]] are good examples "
PGS,Patient Glycemic Status. PGS measures your GVI+ mean glucose+ time in range and presents it in a single number that is closely related to your glycemic state/management.,,https://www.ncbi.nlm.nih.gov/pmc/articles/PMC5467104/,2018-10-02 19:42:28.473,2018-10-02 19:42:28.473,53B56B78-EF23-4B89-91C9-4A8F54DD8D2F,"Patient Glycemic Status. PGS measures your GVI+ mean glucose+ time in range and presents it in a single number that is closely related to your glycemic state/management.  "
Pi+HAT,"A core component of a newer OpenAPS rig which comes with a screen, containing an Pi0WH and an Explorer HAT",,,2018-10-02 19:42:28.833,2018-10-02 19:42:28.833,BFE3A4CD-4BF2-42E1-8B87-8E60037850BE,"A core component of a newer [[OpenAPS]] [[rig]] which comes with a screen, containing an [[Pi0WH]] and an [[Explorer]] [[HAT]] "
Pi0WH,"Raspberry Pi Zero With Headers. A newer version of the Raspberry Pi, for use in an OpenAPS rig",,https://thepihut.com/products/raspberry-pi-zero-wh-with-pre-soldered-header,2018-10-02 19:42:34.397,2018-10-02 19:42:34.397,CB37480B-C0C4-4A56-837C-17FC5D456746,"Raspberry Pi Zero With Headers. A newer version of the Raspberry Pi, for use in an [[OpenAPS]] [[rig]] "
Pi3,Raspberry Pi 3. Another Raspberry Pi version which can be used in an OpenAPS rig,,https://www.raspberrypi.org/products/raspberry-pi-3-model-b/,2018-10-02 19:42:34.787,2018-10-02 19:42:34.787,7C070A69-1D32-4ED9-8E96-ECE79E191AF9,"Raspberry Pi 3. Another Raspberry Pi version which can be used in an [[OpenAPS]] [[rig]] "
POCTech,Makers of the CT-100 CGM system,CT-100,http://www.poctechcorp.com,2018-10-02 19:42:29.223,2018-10-02 19:42:29.223,4820277F-097D-4F9B-B1F3-D523C8BDFD7D,"Makers of the [[CT-100]] [[CGM]] system "
PoCWD,Parent Of a Child With Diabetes,,,2018-10-02 19:42:30.457,2018-10-02 19:42:30.457,F51ABC06-31B8-411B-861F-DF171DB2698B,"Parent Of a Child With Diabetes "
PR,Pull Request. Can be used to adding and editing information within GitHub,,https://openaps.readthedocs.io/en/latest/docs/Resources/my-first-pr.html,2018-10-02 19:42:30.833,2018-10-02 19:42:30.833,7DEF3F0F-D2D1-44D5-A37D-A221DD3E75B7,"Pull Request. Can be used to adding and editing information within [[GitHub]] "
prediction curve,Used with Nightscout and other tools to indicate possible future glucose levels based on carb and insulin data,,,2018-10-02 19:42:29.723,2018-10-02 19:42:29.723,F30A1290-96C2-4812-850C-0F8919C2FD27,"Used with [[Nightscout]] and other tools to indicate possible future glucose levels based on carb and insulin data "
presoak,"Putting on a new CGM sensor before you the old one stops, so that it works better from the first moment you use it and avoids possible jumpiness in readings on the first day",,,2018-10-02 19:42:31.520,2018-10-02 19:42:31.520,D8174B5D-5CA4-46BE-AE61-7E00B7436434,"Putting on a new [[CGM]] sensor before you the old one stops, so that it works better from the first moment you use it and avoids possible jumpiness in readings on the first day "
profile,"Often refers to the area within Nightscout where basal rates, ISF, I:C and DIA are defined. It is possible to have more than one profile, and with AndroidAPS which uses the profiles you can switch easily between profiles.",,,2018-10-02 19:42:30.083,2018-10-02 19:42:30.083,D1D73046-AEDC-4D42-A8E2-1DC1E7A2846F,"Often refers to the area within [[Nightscout]] where basal rates, [[ISF]], [[I:C]] and [[DIA]] are defined. It is possible to have more than one profile, and with [[AndroidAPS]] which uses the profiles you can switch easily between profiles.  "
pull request,See PR,,,2018-10-02 19:42:31.910,2018-10-02 19:42:31.910,B0F22472-ADD8-45AD-8763-F4A002B50825,"See [[PR]] "
Pushover,A way of receiving notifications from a Nightscout site,,http://www.nightscout.info/wiki/labs/pushover-in-funnel-cake,2018-10-02 19:42:32.300,2018-10-02 19:42:32.300,9A80932D-DACA-47B1-948A-E8CDC5F8F20F,"A way of receiving notifications from a [[Nightscout]] site "
PuTTY,A program which can be used to connect to an OpenAPS rig from a Windows computer,,https://openaps.readthedocs.io/en/latest/docs/While%20You%20Wait%20For%20Gear/monitoring-OpenAPS.html,2018-10-02 19:42:32.693,2018-10-02 19:42:32.693,E6AC6DA4-89C3-4035-B9C2-5B78C794722E,"A program which can be used to connect to an [[OpenAPS]] [[rig]] from a Windows computer "
PWD,"Person With Diabetes - the correct way of describing a....erm....person with diabetes, rather than call refer to them as diabetic which they may not like",,,2018-10-02 19:42:33.083,2018-10-02 19:42:33.083,CE3FDB4F-4394-43AC-8429-B8D3088E1BBB,"Person With Diabetes - the correct way of describing a. . . . erm. . . . person with diabetes, rather than call refer to them as diabetic which they may not like "
radio,In OpenAPS the radio is part of the Explorer HAT or Explorer Board and enables communications with the pump. The boards also have a place to plug in an extra antenna to extend communication distance/quality,,,2018-10-02 19:42:33.600,2018-10-02 19:42:33.600,DA46AEC6-C501-4BFD-A25A-34375C036C63,"In [[OpenAPS]] the radio is part of the [[Explorer]] [[HAT]] or [[Explorer]] Board and enables communications with the pump. The boards also have a place to plug in an extra antenna to extend communication distance/quality "
rage bolus,"When your BG is higher than you want, you bolus, it does nothing, you bolus again, it does nothing, and repeat. Unlike in the dictionary rage bolus is often followed by hypo",,,2018-10-02 19:42:33.990,2018-10-02 19:42:33.990,FFC555D7-135A-4D58-ABE2-1004342CA096,"When your [[BG]] is higher than you want, you bolus, it does nothing, you bolus again, it does nothing, and repeat. Unlike in the dictionary rage bolus is often followed by hypo "
Raspberry PI,The heart of the first design OpenAPS systems,rig,http://raspberrypi.org,2018-10-02 19:42:35.443,2018-10-02 19:42:35.443,E85A6C7E-2719-4569-8438-720BBD404FD7,"The heart of the first design [[OpenAPS]] systems "
RAW,Raw Data - A glucose sensor reading direct from the sensor without any (calibration/smoothing) algorithm applied to it,,,2018-10-02 19:42:35.850,2018-10-02 19:42:35.850,5E01F49C-3151-4138-A58A-5726436FF612,"Raw Data - A glucose sensor reading direct from the sensor without any (calibration/smoothing) algorithm applied to it "
RF,Radio Frequency. The way a Rileylink or a OpenAPS rig coomunicate with a loopable Medtronic pump,,,2018-10-02 19:42:36.253,2018-10-02 19:42:36.253,C259795D-6551-48CC-BCBB-4D8DAD20D698,"Radio Frequency. The way a [[Rileylink]] or a [[OpenAPS]] [[rig]] coomunicate with a loopable [[Medtronic]] pump "
rig,The hardware components for the OpenAPS system,,,2018-10-02 19:42:36.660,2018-10-02 19:42:36.660,44A14329-F5F2-44C8-8E23-9AB270095D3C,"The hardware components for the [[OpenAPS]] system "
Rileylink,A DIY community designed and built device which allows Loop to send instructions to an old Medtronic insulin pump,,http://www.getrileylink.org/,2018-10-02 19:42:37.050,2018-10-02 19:42:37.050,8955C2CD-6AE5-4124-9EB6-ABD640A4FD40,"A DIY community designed and built device which allows [[Loop]] to send instructions to an old [[Medtronic]] insulin pump "
Rise of the Machines,"An event organised to bring together medical companies and people using looping systems, which took place in February 2018",,https://www.youtube.com/watch?v=V64QbJGlV_Y,2018-10-02 19:42:37.600,2018-10-02 19:42:37.600,DF0C46F0-72AA-4FA6-AB0C-7049016AE9F3,"An event organised to bring together medical companies and people using [[looping]] systems, which took place in February 2018 "
RL,Rileylink,Rileylink,http://www.getrileylink.org/,2018-10-02 19:42:38.003,2018-10-02 19:42:38.003,373CEF46-E879-4B27-A400-9AFFA3A0EFBB,"Rileylink "
Roche,"Maker of, amongst other things, the Accu-chek Combo and Insight insulin pumps, which can be used with AndroidAPS",,https://www.accu-chek.co.uk/insulin-pumps,2018-10-02 19:42:38.397,2018-10-02 19:42:38.397,9626D552-1C50-45E8-816D-BDB0167FD832,"Maker of, amongst other things, the Accu-chek [[Combo]] and [[Insight]] insulin pumps, which can be used with [[AndroidAPS]] "
Ruffy,An early experimental release of open source software that allows your Android mobile phone to communicate with Roche AccuChek pumps,,https://github.com/MilosKozak/ruffy,2018-10-02 19:42:38.787,2018-10-02 19:42:38.787,7F6B8837-5C6A-462F-A462-5D932E3EE5BA,"An early experimental release of [[open source]] software that allows your Android mobile phone to communicate with [[Roche]] AccuChek pumps "
SAGE,Sensor Age - How many days a sensor has been active. Shown on Nightscout sites,,,2018-10-02 19:42:39.380,2018-10-02 19:42:39.380,060C446C-4EAD-4D8E-BF18-90751E9F8528,"Sensor Age - How many days a sensor has been active. Shown on [[Nightscout]] sites "
SGV,Sensor Glucose Value - glucose value derived from a CGM source,,,2018-10-02 19:42:39.910,2018-10-02 19:42:39.910,8DC3E159-024C-4AC7-8B0F-5F3257723373,"Sensor Glucose Value - glucose value derived from a [[CGM]] source "
Share,"Refers to Dexcom Share, where data from certain Dexcom systems is sent to and stored on Dexcom servers. This can be use with their Follow apps, plus Nightscout (etc.) can pull data from these servers.",,https://www.dexcom.com/faq/dexcom-share/dexcom-share-app,2018-10-02 19:42:40.287,2018-10-02 19:42:40.287,1A4C9D08-564B-41EE-A4D7-CA0CD4FE9619,"Refers to [[Dexcom]] Share, where data from certain [[Dexcom]] systems is sent to and stored on [[Dexcom]] servers. This can be use with their Follow apps, plus [[Nightscout]] (etc. ) can pull data from these servers.  "
SMB,Super Micro Bolus. Used by some looping systems to deliver a minute amount of insulin mostly when blood glucose is rising,,https://openaps.readthedocs.io/en/latest/docs/Customize-Iterate/oref1.html,2018-10-02 19:42:40.677,2018-10-02 19:42:40.677,44550234-5621-46A9-857D-2F12C7001B0F,"Super Micro Bolus. Used by some [[looping]] systems to deliver a minute amount of insulin mostly when blood glucose is rising "
SMBG,Self Monitoring of Blood Glucose,,,2018-10-02 19:42:41.083,2018-10-02 19:42:41.083,AA403411-3194-4C4D-84B9-288395136851,"Self Monitoring of Blood Glucose "
SOOIL,"South Korean pump manufacturer, whose Dana pumps work under warranty with AndroidAPS",,http://www.sooil.com,2018-10-02 19:42:41.583,2018-10-02 19:42:41.583,83692CEF-8921-49F7-8143-09FBF7C66637,"South Korean pump manufacturer, whose [[Dana]] pumps work under warranty with [[AndroidAPS]] "
Spike,iPhone app which can read CGM data from many sources and send info onto a smartwatch and elsewhere. Used a lot to send data to a Nightscout web site.,xDrip+,https://spike-app.com/,2018-10-02 19:42:41.990,2018-10-02 19:42:41.990,D512AABD-0CB5-454F-BE08-0F827D3B657C,"iPhone app which can read [[CGM]] data from many sources and send info onto a smartwatch and elsewhere. Used a lot to send data to a [[Nightscout]] web site.  "
SSH,Secure Shell is a way of connecting to your OpenAPS rig,,https://openaps.readthedocs.io/en/latest/docs/While%20You%20Wait%20For%20Gear/monitoring-OpenAPS.html#accessing-your-online-rig-via-ssh,2018-10-02 19:42:42.410,2018-10-02 19:42:42.410,6BD3E119-C64F-4878-9148-5A1B3CC758B6,"Secure Shell is a way of connecting to your [[OpenAPS]] [[rig]] "
supermicrobolus,see SMB,,,2018-10-02 19:42:42.833,2018-10-02 19:42:42.833,606B9536-14A1-431B-BA06-809DA0F7A262,"see [[SMB]] "
SWAG,"Scientific Wild Ass Guess. As in ""I've no idea how many carbs are in this cake, I'll just SWAG it""",WAG,https://en.wikipedia.org/wiki/Scientific_wild-ass_guess,2018-10-02 19:42:43.397,2018-10-02 19:42:43.397,AAA699B7-0A09-43DF-87FC-185D76368B3C,"Scientific Wild Ass Guess. As in ""I've no idea how many carbs are in this cake, I'll just SWAG it"" "
t:slim X2,Insulin pump made by Tandem which is set to be a closed loop pump with its Control-IQ technology,"""Basal-IQ",NULL,2018-10-02 19:42:47.427,2018-10-02 19:42:47.427,2E571101-F881-490A-9CFE-4837540BA7A3,"Insulin pump made by [[Tandem]] which is set to be a closed loop pump with its [[Control-IQ]] technology "
Tandem,The insulin pump manufacturer which has the t:slim X2 pump which is set to be a closed-loop pump with its Control-IQ technology,Basal-IQ,https://www.tandemdiabetes.com/,2018-10-02 19:42:43.833,2018-10-02 19:42:43.833,AB80C055-2008-4D96-9B2A-C2BBF50E8AF0,"The insulin pump manufacturer which has the [[t:slim X2]] pump which is set to be a [[closed-loop]] pump with its [[Control-IQ]] technology "
TBR,A temporary basal rate set for a period of time. At the heart of all DIY closed-loop systems which often set TBRs which last for 30 minutes,,,2018-10-02 19:42:44.223,2018-10-02 19:42:44.223,BDD3830A-FCD2-4A6C-A8B9-0B8A5DB53B6B,"A [[temporary basal]] rate set for a period of time. At the heart of all DIY [[closed-loop]] systems which often set [[TBRs]] which last for 30 minutes "
TBRs,"Not one TBR, lots of them",,,2018-10-02 19:42:44.613,2018-10-02 19:42:44.613,4DBECBEA-CDDD-49D1-9BE4-9C44738FACA3,"Not one [[TBR]], lots of them "
temporary basal,see TBR,,,2018-10-02 19:42:44.990,2018-10-02 19:42:44.990,FD3CBF51-F623-4CCE-84F8-EA174A09830C,"see [[TBR]] "
temporary target,"A different target BG range which is set for a duration of time. All closed-loop systems will use this as the new target BG range until the duration is reached, after which it reverts to the normal target",,,2018-10-02 19:42:45.397,2018-10-02 19:42:45.397,7DDA4687-06E9-4555-AA5C-E601498F24CA,"A different target [[BG]] range which is set for a duration of time. All [[closed-loop]] systems will use this as the new target [[BG]] range until the duration is reached, after which it reverts to the normal target "
tethering,Usually refers to Bluetooth tethering,,,2018-10-02 19:42:45.787,2018-10-02 19:42:45.787,ED8E0D91-E91C-4912-BA47-BBD222318433,"Usually refers to [[Bluetooth tethering]] "
Time In Range,See TIR,,,2018-10-02 19:42:46.300,2018-10-02 19:42:46.300,DB33608A-0D03-4622-884D-B925943487A7,"See [[TIR]] "
TIR,Time in Range - A percentage of how much time you have spent in your personal glucose target range. People using closed loop systems are often proud of their high percentage and feel this gives a better indication than HbA1c,,https://diatribe.org/time-range-whats-achievable-goal-diabetes,2018-10-02 19:42:46.677,2018-10-02 19:42:46.677,B005CA77-0A1C-4A5E-886B-864DEAB9EFA4,"Time in Range - A percentage of how much time you have spent in your personal glucose target range. People using closed loop systems are often proud of their high percentage and feel this gives a better indication than HbA1c "
Trans am,"A single-use waterproof Libre reader, part of the Blucon range from Ambrosia Systems",,https://www.ambrosiasys.com/,2018-10-02 19:42:47.050,2018-10-02 19:42:47.050,A9EB15AE-2E99-4C7B-B043-ED19AA87620E,"A single-use waterproof [[Libre]] reader, part of the [[Blucon]] range from [[Ambrosia]] Systems "
UAM,"Un-announced Meal. From the OpenAPS guide ""UAM provides an alternative method (in addition to or instead of carb entry) for detecting and safely dosing insulin in response to significant BG rises, whether they are due to meals, adrenaline, or any other reason.""","OpenAPS, AndroidAPS",https://openaps.readthedocs.io/en/latest/docs/Customize-Iterate/oref1.html#understanding-uam,2018-10-02 19:42:48.397,2018-10-02 19:42:48.397,01F4A3A0-FCFC-4923-9D71-757A27F5BD5B,"Un-announced Meal. From the [[OpenAPS]] guide ""UAM provides an alternative method (in addition to or instead of carb entry) for detecting and safely dosing insulin in response to significant [[BG]] rises, whether they are due to meals, adrenaline, or any other reason. "" "
virtual pump,Used with AndroidAPS when you don't have a compatible pump to connect it to but still want to try out the software in open-loop mode,AndroidAPS,,2018-10-02 19:42:48.770,2018-10-02 19:42:48.770,9A5E4112-2306-4C4D-B1BD-92E06818B716,"Used with [[AndroidAPS]] when you don't have a compatible pump to connect it to but still want to try out the software in [[open-loop]] mode "
WAG,a SWAG but with less science,SWAG,,2018-10-02 19:42:49.147,2018-10-02 19:42:49.147,F6355CDA-B89D-4C20-AF7D-5133B045FA54,"a [[SWAG]] but with less science "
WeAreNotWaiting,"Collective term for anyone or anything which is done by the community to make our own or someone else's life with diabetes easier. Because we can, so we should",DData,https://www.healthline.com/health/diabetesmine/innovation/we-are-not-waiting,2018-10-02 19:42:49.503,2018-10-02 19:42:49.503,7F9724E2-393B-4C5D-9DB1-826103B4C721,"Collective term for anyone or anything which is done by the community to make our own or someone else's life with diabetes easier. Because we can, so we should "
xBridge,"An enhanced version of the xDrip device, which also sends the xBridge rig's battery status to Nightscout",xDrip,https://github.com/jstevensog/wixel-sdk/blob/master/apps/xBridge2/xBridge2.pdf,2018-10-02 19:42:49.927,2018-10-02 19:42:49.927,3F7E15A3-CA3D-433A-BC01-D90ED64E246F,"An enhanced version of the [[xDrip]] device, which also sends the xBridge rig's battery status to [[Nightscout]] "
xCode,xCode is the integrated development environment you need to use to build your own Loop app for your Apple device,,https://en.wikipedia.org/wiki/Xcode,2018-10-02 19:42:50.363,2018-10-02 19:42:50.363,372F6250-3DAB-4945-9920-F53ABE4EE0A3,"xCode is the integrated development environment you need to use to build your own [[Loop]] app for your Apple device "
xDrip,"Refers to a device designed in 2014, created from three circuit boards and wired together by the DIY user. Was originally called DexDrip","Spike, xDrip+, xDripKit",http://stephenblackwasalreadytaken.github.io/xDrip/,2018-10-02 19:42:50.723,2018-10-02 19:42:50.723,56DD0249-7B51-448F-B60C-5575BFE92AAA,"Refers to a device designed in 2014, created from three circuit boards and wired together by the DIY user. Was originally called [[DexDrip]] "
xDrip+,Android phone app which can read CGM data from many sources and send info onto a smartwatch and elsewhere. Used a lot to send data to a Nightscout web site.,Spike,https://jamorham.github.io/,2018-10-02 19:42:51.113,2018-10-02 19:42:51.113,FB830B20-4A81-455D-B4E7-C421971392DD,"Android phone app which can read [[CGM]] data from many sources and send info onto a smartwatch and elsewhere. Used a lot to send data to a [[Nightscout]] web site.  "
xDripAPS,Code which runs on an OpenAPS rig and via Bluetooth Tethering reads data direct from the xDrip+ Android app,,https://openaps.readthedocs.io/en/latest/docs/Customize-Iterate/offline-looping-and-monitoring.html#xdripaps-offline-looping-for-users-of-the-xdrip-android-app,2018-10-02 19:42:51.503,2018-10-02 19:42:51.503,D83A042F-829E-4B00-8D1B-52C7CA4BA7E0,"Code which runs on an [[OpenAPS]] [[rig]] and via Bluetooth Tethering reads data direct from the [[xDrip+]] Android app "
xDripKit,"All the components for an xDrip device, together in a single package which requires minimal soldering. Much easier than making a xDrip from scratch, then again you lose the fun of putting it all in your chosen container, i.e. a Tic Tac box",,https://xdripkit.co.uk/,2018-10-02 19:42:51.880,2018-10-02 19:42:51.880,BE07680F-0D71-4C7C-AF9F-BF3B010A069D,"All the components for an [[xDrip]] device, together in a single package which requires minimal soldering. Much easier than making a [[xDrip]] from scratch, then again you lose the fun of putting it all in your chosen container, i. e. a Tic Tac box "
YDMV,"Your Diabetes May Vary - everyone's different, just because something works for you it might not for the next person. ",,,2018-10-02 19:42:52.240,2018-10-02 19:42:52.240,4DEC3838-E1D4-4648-A9A2-4B6A82AE6C29,"Your Diabetes May Vary - everyone's different, just because something works for you it might not for the next person.  "
zero temp,"When an insulin pump is set to deliver 0% of it's normal basal rate, usually for a short period of time. At the heart of first DIY closed-loop systems",TBR,,2018-10-02 19:42:52.613,2018-10-02 19:42:52.613,1EFCE65C-2EB3-4A40-82CB-9BE66F4D77BA,"When an insulin pump is set to deliver 0% of it's normal basal rate, usually for a short period of time. At the heart of first DIY [[closed-loop]] systems "
